State,"Q-ADD - Heat Flow","Psteam - Phase - Molar Flow (Overall)","O2GFR - Phase - Molar Flow (Vapour Phase)","GFR-OUT - Temperature","GFR-OUT - Overall and Phase Comp Molar Flow (Overall-Carbon)","GFR-OUT - Overall and Phase Comp Molar Flow (Overall-CO)","GFR-OUT - Overall and Phase Comp Molar Flow (Overall-CO2)","GFR-OUT - Overall and Phase Comp Molar Flow (Overall-Hydrogen)","GFR-OUT - Overall and Phase Comp Molar Flow (Overall-Methane)","Front_cal - Cell Matrix (F-5)","Front_cal - Cell Matrix (F-8)","Front_cal - Cell Matrix (C-7)","Front_cal - Cell Matrix (A-31)","Front_cal - Cell Matrix (D-31)","Front_cal - Cell Matrix (G-31)","Front_cal - Cell Matrix (I-5)","Front_cal - Cell Matrix (K-5)","gas2FT - Overall and Phase Comp Molar Flow (Overall-CO2)","Front_cal - Cell Matrix (M-3)","Front_cal - Cell Matrix (A-13)","Front_cal - Cell Matrix (A-5)","Front_cal - Cell Matrix (D-13)","Front_cal - Cell Matrix (A-25)","Front_cal - Cell Matrix (A-26)","Front_cal - Cell Matrix (A-27)","Front_cal - Cell Matrix (A-28)","Front_cal - Cell Matrix (A-29)","gas2FT - Overall and Phase Comp Molar Flow (Overall-Methane)","gas2FT - Overall and Phase Comp Molar Flow (Overall-CO)","gas2FT - Overall and Phase Comp Molar Flow (Overall-Hydrogen)"
,"MW","kgmole/h","kgmole/h","C","kgmole/h","kgmole/h","kgmole/h","kgmole/h","kgmole/h","MW","","","","","","kgmole/h","kg/h","kgmole/h","","","","","","","","","","kgmole/h","kgmole/h","kgmole/h"
"Case 1",0,0,327.9,1300,0.0000,880.8296,134.5101,577.1506,0.2393,100.8,100.8,0,59.49,99.51,40.02,2813,2.964e+004,74.6466,3.285,0.6552,2.277,2.05,0,40.32,0,17.76,1.419,18.6230,922.2400,1890.5881
"Case 2",0,10,328.7,1300,0.0000,877.5232,137.8251,578.9318,0.2306,100.5,100.5,0.009847,59.35,99.36,40.01,2809,2.96e+004,76.6445,3.373,0.6597,2.282,2.051,0,40.19,0,17.7,1.457,18.0468,920.8152,1888.3263
"Case 3",0,20,329.5,1300,0.0000,874.2432,141.1132,580.6999,0.2226,100.1,100.1,0.01969,59.17,99.21,40.03,2805,2.955e+004,78.6607,3.462,0.6642,2.287,2.051,0,40.04,0,17.64,1.496,17.4732,919.3693,1885.2208
"Case 4",0,30,330.2,1300,0.0000,870.9873,144.3769,582.4187,0.2148,99.7,99.7,0.02954,58.98,99.05,40.07,2800,2.951e+004,80.6864,3.551,0.6687,2.291,2.05,0,39.88,0,17.57,1.534,16.9014,917.9120,1881.7162
"Case 5",0,40,331,1300,0.0000,867.7570,147.6145,584.1314,0.2077,99.39,99.39,0.03939,58.84,98.89,40.05,2796,2.946e+004,82.6835,3.639,0.6732,2.296,2.051,0,39.76,0,17.51,1.572,16.3826,916.4303,1879.3157
"Case 6",0,50,331.8,1300,0.0000,864.5499,150.8287,585.7889,0.2007,99.02,99.02,0.04923,58.66,98.73,40.07,2791,2.941e+004,84.6980,3.728,0.6776,2.301,2.051,0,39.61,0,17.45,1.61,15.8499,914.9449,1876.1040
"Case 7",0,60,332.6,1300,0.0000,861.3675,154.0175,587.4477,0.1942,98.62,98.62,0.05908,58.48,98.56,40.09,2786,2.936e+004,86.7213,3.817,0.682,2.305,2.05,0,39.45,0,17.38,1.649,15.3358,913.4319,1872.5324
"Case 8",0,70,333.4,1300,0.0000,858.2077,157.1838,589.0468,0.1879,98.32,98.32,0.06893,58.34,98.4,40.07,2782,2.931e+004,88.7140,3.904,0.6864,2.31,2.051,0,39.33,0,17.32,1.687,14.8527,911.9185,1870.0231
"Case 9",0,80,334.2,1300,0.0000,855.0718,160.3255,590.6546,0.1821,97.95,97.95,0.07877,58.16,98.24,40.07,2777,2.926e+004,90.7269,3.993,0.6908,2.314,2.05,0,39.18,0,17.26,1.725,14.3780,910.3765,1866.7215
"Case 10",0,90,335,1300,0.0000,851.9577,163.4455,592.1966,0.1762,97.56,97.56,0.08862,57.98,98.07,40.09,2772,2.921e+004,92.7444,4.082,0.6951,2.318,2.05,0,39.03,0,17.19,1.763,13.8984,908.8345,1863.1081
"Case 11",0,100,335.7,1300,0.0000,848.8669,166.5414,593.7686,0.1711,97.26,97.26,0.09847,57.84,97.9,40.06,2768,2.916e+004,94.7329,4.169,0.6995,2.323,2.051,0,38.9,0,17.14,1.801,13.4756,907.2646,1860.5519
"Case 12",0,110,336.5,1300,0.0000,845.7972,169.6164,595.2672,0.1658,96.9,96.9,0.1083,57.67,97.73,40.06,2763,2.911e+004,96.7400,4.257,0.7038,2.327,2.051,0,38.76,0,17.07,1.839,13.0341,905.6949,1857.1725
"Case 13",0,120,337.3,1300,0.0000,842.7494,172.6692,596.7540,0.1609,96.51,96.51,0.1182,57.49,97.56,40.07,2758,2.906e+004,98.7537,4.346,0.7081,2.331,2.05,0,38.61,0,17,1.878,12.5999,904.1108,1853.4248
"Case 14",0,130,338.1,1300,0.0000,839.7229,175.7005,598.2161,0.1562,96.21,96.21,0.128,57.35,97.39,40.04,2753,2.901e+004,100.7332,4.433,0.7124,2.336,2.051,0,38.49,0,16.95,1.915,12.2038,902.5231,1850.7595
"Case 15",0,140,338.9,1300,0.0000,836.7173,178.7106,599.6540,0.1516,95.86,95.86,0.1379,57.18,97.22,40.03,2748,2.896e+004,102.7351,4.521,0.7167,2.34,2.05,0,38.34,0,16.89,1.953,11.8062,900.9141,1847.3135
"Case 16",0,150,339.7,1300,0.0000,833.7326,181.6997,601.0685,0.1473,95.48,95.48,0.1477,57,97.04,40.03,2743,2.891e+004,104.7428,4.61,0.7209,2.344,2.05,0,38.19,0,16.82,1.991,11.4140,899.2939,1843.5509
"Case 17",0,160,340.5,1300,0.0000,830.7678,184.6687,602.4588,0.1431,95.18,95.18,0.1575,56.87,96.87,40,2739,2.886e+004,106.7136,4.696,0.7252,2.349,2.051,0,38.07,0,16.77,2.029,11.0542,897.6782,1840.8258
"Case 18",0,170,341.3,1300,0.0000,827.8233,187.6172,603.8265,0.1391,94.83,94.83,0.1674,56.71,96.69,39.98,2733,2.88e+004,108.7063,4.784,0.7294,2.353,2.05,0,37.93,0,16.71,2.067,10.6918,896.0429,1837.3290
"Case 19",0,180,342.1,1300,0.0000,824.8981,190.5463,605.1707,0.1353,94.46,94.46,0.1772,56.53,96.51,39.98,2728,2.875e+004,110.7049,4.872,0.7336,2.356,2.05,0,37.78,0,16.64,2.105,10.3336,894.3974,1833.5130
"Case 20",0,190,342.9,1300,0.0000,821.9925,193.4555,606.4931,0.1316,94.16,94.16,0.1871,56.4,96.34,39.94,2723,2.87e+004,112.6661,4.958,0.7378,2.361,2.051,0,37.67,0,16.59,2.142,10.0072,892.7575,1830.7304
"Case 21",0,200,343.7,1300,0.0000,819.1062,196.3455,607.7935,0.1281,93.82,93.82,0.1969,56.24,96.16,39.92,2718,2.864e+004,114.6489,5.046,0.742,2.365,2.05,0,37.53,0,16.53,2.18,9.6774,891.0992,1827.1877
"Case 22",0,210,344.5,1300,0.0000,816.2386,199.2165,609.0722,0.1246,93.45,93.45,0.2068,56.06,95.97,39.91,2713,2.859e+004,116.6392,5.133,0.7462,2.369,2.05,0,37.38,0,16.46,2.218,9.3528,889.4282,1823.3264
"Case 23",0,220,345.3,1300,0.0000,813.3897,202.0687,610.3295,0.1214,93.16,93.16,0.2166,55.93,95.8,39.87,2708,2.854e+004,118.5896,5.219,0.7504,2.374,2.051,0,37.26,0,16.41,2.255,9.0567,887.7685,1820.4899
"Case 24",0,230,346.1,1300,0.0000,810.5590,204.9026,611.5659,0.1182,92.82,92.82,0.2265,55.77,95.62,39.84,2703,2.848e+004,120.5624,5.306,0.7545,2.377,2.05,0,37.13,0,16.35,2.292,8.7574,886.0893,1816.9061
"Case 25",0,240,346.9,1300,0.0000,807.7465,207.7182,612.7815,0.1151,92.45,92.45,0.2363,55.6,95.43,39.83,2697,2.843e+004,122.5425,5.393,0.7586,2.381,2.05,0,36.98,0,16.29,2.33,8.4630,884.3979,1813.0144
"Case 26",0,250,347.7,1300,0.0000,804.9517,210.5160,613.9767,0.1122,92.17,92.17,0.2462,55.47,95.25,39.78,2693,2.838e+004,124.4815,5.478,0.7627,2.386,2.051,0,36.87,0,16.24,2.367,8.1947,882.7215,1810.1344
"Case 27",0,260,348.5,1300,0.0000,802.1745,213.2961,615.1518,0.1093,91.83,91.83,0.256,55.32,95.07,39.75,2688,2.832e+004,126.4434,5.565,0.7669,2.389,2.05,0,36.73,0,16.18,2.404,7.9236,881.0247,1806.5173
"Case 28",0,270,349.3,1300,0.0000,799.4145,216.0587,616.3071,0.1066,91.48,91.48,0.2659,55.15,94.88,39.73,2682,2.826e+004,128.4130,5.651,0.7709,2.393,2.05,0,36.59,0,16.12,2.441,7.6568,879.3158,1802.5964
"Case 29",0,280,350.1,1300,0.0000,796.6717,218.8043,617.4428,0.1039,91.2,91.2,0.2757,55.02,94.7,39.68,2677,2.821e+004,130.3399,5.736,0.775,2.397,2.051,0,36.48,0,16.07,2.478,7.4140,877.6256,1799.6777
"Case 30",0,290,350.9,1300,0.0000,793.9457,221.5329,618.5592,0.1014,90.86,90.86,0.2856,54.87,94.52,39.65,2672,2.816e+004,132.2906,5.822,0.7791,2.401,2.05,0,36.35,0,16.01,2.515,7.1686,875.9141,1796.0327
"Case 31",0,300,351.7,1300,0.0000,791.2363,224.2448,619.6567,0.0989,90.51,90.51,0.2954,54.7,94.33,39.63,2666,2.81e+004,134.2492,5.908,0.7832,2.404,2.05,0,36.2,0,15.95,2.552,6.9272,874.1906,1792.0897
"Case 32",0,310,352.6,1300,0.0000,788.5433,226.9402,620.7354,0.0965,90.23,90.23,0.3052,54.58,94.15,39.57,2662,2.805e+004,136.1637,5.993,0.7872,2.409,2.051,0,36.09,0,15.9,2.589,6.7077,872.4891,1789.1382
"Case 33",0,320,353.4,1300,0.0000,785.8664,229.6194,621.7957,0.0942,89.91,89.91,0.3151,54.43,93.96,39.53,2656,2.799e+004,138.1028,6.078,0.7912,2.413,2.05,0,35.96,0,15.84,2.626,6.4858,870.7653,1785.4708
"Case 34",0,330,354.2,1300,0.0000,783.2056,232.2825,622.8378,0.0919,89.56,89.56,0.3249,54.26,93.77,39.51,2651,2.793e+004,140.0500,6.164,0.7952,2.416,2.05,0,35.82,0,15.78,2.663,6.2675,869.0296,1781.5099
"Case 35",0,340,355,1300,0.0000,780.5604,234.9298,623.8618,0.0897,89.28,89.28,0.3348,54.14,93.59,39.45,2646,2.788e+004,141.9520,6.247,0.7992,2.42,2.051,0,35.71,0,15.73,2.699,6.0693,867.3192,1778.5304
"Case 36",0,350,355.8,1300,0.0000,777.9308,237.5615,624.8682,0.0876,88.96,88.96,0.3446,53.99,93.4,39.41,2640,2.782e+004,143.8793,6.332,0.8032,2.424,2.05,0,35.58,0,15.67,2.735,5.8688,865.5854,1774.8451
"Case 37",0,360,356.6,1300,0.0000,775.3166,240.1779,625.8570,0.0856,88.62,88.62,0.3545,53.83,93.21,39.38,2635,2.777e+004,145.8150,6.417,0.8072,2.427,2.05,0,35.45,0,15.61,2.772,5.6716,863.8399,1770.8710
"Case 38",0,370,357.4,1300,0.0000,772.7175,242.7790,626.8285,0.0836,88.35,88.35,0.3643,53.71,93.03,39.32,2630,2.771e+004,147.7043,6.5,0.8112,2.432,2.051,0,35.34,0,15.57,2.808,5.4927,862.1224,1767.8678
"Case 39",0,380,358.3,1300,0.0000,770.1333,245.3650,627.7831,0.0817,88.03,88.03,0.3742,53.57,92.84,39.28,2625,2.766e+004,149.6196,6.585,0.8152,2.435,2.05,0,35.21,0,15.51,2.845,5.3118,860.3808,1764.1689
"Case 40",0,390,359.1,1300,0.0000,767.5639,247.9363,628.7208,0.0798,87.69,87.69,0.384,53.41,92.65,39.24,2619,2.76e+004,151.5437,6.669,0.8191,2.438,2.05,0,35.08,0,15.45,2.881,5.1338,858.6273,1760.1853
"Case 41",0,400,359.9,1300,0.0000,765.0091,250.4929,629.6418,0.0780,87.43,87.43,0.3939,53.29,92.47,39.18,2614,2.755e+004,153.4203,6.752,0.8231,2.443,2.051,0,34.97,0,15.4,2.917,4.9724,856.9047,1757.1624
"Case 42",0,410,360.7,1300,0.0000,762.4687,253.0351,630.5465,0.0763,87.11,87.11,0.4037,53.15,92.28,39.13,2609,2.749e+004,155.3238,6.836,0.827,2.446,2.05,0,34.84,0,15.35,2.953,4.8091,855.1570,1753.4535
"Case 43",0,420,361.5,1300,0.0000,759.9425,255.5630,631.4350,0.0746,86.78,86.78,0.4136,52.99,92.08,39.1,2603,2.743e+004,157.2363,6.92,0.8309,2.449,2.05,0,34.71,0,15.29,2.989,4.6485,853.3973,1749.4639
"Case 44",0,430,362.4,1300,0.0000,757.4307,258.0764,632.3081,0.0729,86.51,86.51,0.4234,52.87,91.9,39.03,2598,2.738e+004,159.1000,7.002,0.8348,2.454,2.051,0,34.61,0,15.24,3.025,4.5030,851.6713,1746.4256
"Case 45",0,440,363.2,1300,0.0000,754.9324,260.5764,633.1647,0.0713,86.2,86.2,0.4332,52.73,91.71,38.98,2593,2.732e+004,160.9917,7.085,0.8387,2.457,2.05,0,34.48,0,15.19,3.061,4.3557,849.9191,1742.7097
"Case 46",0,450,364,1300,0.0000,752.4478,263.0626,634.0057,0.0698,85.87,85.87,0.4431,52.58,91.52,38.94,2587,2.726e+004,162.8927,7.169,0.8426,2.46,2.05,0,34.35,0,15.13,3.097,4.2109,848.1548,1738.7167
"Case 47",0,460,364.8,1300,0.0000,749.9767,265.5353,634.8313,0.0682,85.61,85.61,0.4529,52.46,91.34,38.87,2582,2.721e+004,164.7443,7.25,0.8465,2.464,2.051,0,34.25,0,15.08,3.132,4.0797,846.4264,1735.6645
"Case 48",0,470,365.7,1300,0.0000,747.5190,267.9944,635.6416,0.0668,85.31,85.31,0.4628,52.32,91.15,38.83,2577,2.715e+004,166.6241,7.333,0.8503,2.468,2.05,0,34.12,0,15.03,3.168,3.9470,844.6710,1731.9449
"Case 49",0,480,366.5,1300,0.0000,745.0745,270.4403,636.4370,0.0653,84.98,84.98,0.4726,52.17,90.95,38.78,2571,2.709e+004,168.5138,7.416,0.8542,2.471,2.05,0,33.99,0,14.97,3.204,3.8163,842.9035,1727.9517
"Case 50",0,490,367.3,1300,0.0000,742.6432,272.8731,637.2175,0.0639,84.73,84.73,0.4825,52.06,90.77,38.71,2566,2.704e+004,170.3530,7.497,0.858,2.475,2.051,0,33.89,0,14.93,3.239,3.6982,841.1742,1724.8893
"Case 51",0,500,368.2,1300,0.0000,740.2248,275.2928,637.9835,0.0626,84.42,84.42,0.4923,51.92,90.58,38.66,2561,2.698e+004,172.2213,7.579,0.8619,2.478,2.05,0,33.77,0,14.87,3.274,3.5785,839.4170,1721.1683
"Case 52",0,510,369,1300,0.0000,737.8191,277.6998,638.7349,0.0613,84.1,84.1,0.5022,51.77,90.39,38.62,2555,2.693e+004,174.0998,7.662,0.8657,2.481,2.05,0,33.64,0,14.82,3.31,3.4607,837.6475,1717.1768
"Case 53",0,520,369.8,1300,0.0000,735.4261,280.0941,639.4719,0.0600,83.85,83.85,0.512,51.66,90.2,38.54,2550,2.687e+004,175.9270,7.742,0.8695,2.485,2.051,0,33.54,0,14.77,3.345,3.3542,835.9182,1714.1065
"Case 54",0,530,370.6,1300,0.0000,733.0456,282.4759,640.1948,0.0587,83.55,83.55,0.5219,51.52,90.01,38.49,2545,2.681e+004,177.7839,7.824,0.8733,2.489,2.05,0,33.42,0,14.72,3.38,3.2462,834.1602,1710.3861
"Case 55",0,540,371.5,1300,0.0000,730.6774,284.8453,640.9037,0.0575,83.23,83.23,0.5317,51.37,89.82,38.45,2539,2.676e+004,179.6515,7.906,0.8771,2.491,2.05,0,33.29,0,14.66,3.416,3.1400,832.3897,1706.3984
"Case 56",0,550,372.3,1300,0.0000,728.3214,287.2025,641.5987,0.0563,82.98,82.98,0.5416,51.26,89.64,38.37,2534,2.67e+004,181.4668,7.986,0.8809,2.496,2.051,0,33.19,0,14.62,3.45,3.0440,830.6614,1703.3223
"Case 57",0,560,373.1,1300,0.0000,725.9775,289.5476,642.2800,0.0551,82.69,82.69,0.5514,51.13,89.44,38.32,2529,2.664e+004,183.3127,8.068,0.8847,2.499,2.05,0,33.07,0,14.57,3.485,2.9467,828.9036,1699.6045
"Case 58",0,570,374,1300,0.0000,723.6455,291.8807,642.9478,0.0540,82.37,82.37,0.5613,50.98,89.25,38.27,2523,2.659e+004,185.1696,8.149,0.8885,2.502,2.05,0,32.95,0,14.51,3.52,2.8509,827.1330,1695.6220
"Case 59",0,580,374.8,1300,0.0000,721.3253,294.2020,643.6022,0.0529,82.12,82.12,0.5711,50.87,89.07,38.19,2518,2.653e+004,186.9734,8.229,0.8922,2.506,2.051,0,32.85,0,14.47,3.555,2.7644,825.4064,1692.5421
"Case 60",0,590,375.6,1300,0.0000,719.0168,296.5116,644.2433,0.0519,81.83,81.83,0.5809,50.74,88.88,38.14,2512,2.648e+004,188.8085,8.309,0.896,2.509,2.05,0,32.73,0,14.42,3.59,2.6766,823.6495,1688.8283
"Case 61",0,600,376.5,1300,0.0000,716.7198,298.8097,644.8714,0.0508,81.52,81.52,0.5908,50.6,88.68,38.09,2507,2.642e+004,190.6550,8.391,0.8998,2.512,2.05,0,32.61,0,14.36,3.625,2.5902,821.8796,1684.8525
"Case 62",0,610,377.3,1300,0.0000,714.4324,301.0980,645.4882,0.0498,81.28,81.28,0.6006,50.49,88.5,38.01,2502,2.636e+004,192.4476,8.47,0.9035,2.516,2.051,0,32.51,0,14.32,3.659,2.5122,820.1554,1681.7703
"Case 63",0,620,378.2,1300,0.0000,712.1583,303.3732,646.0904,0.0488,80.99,80.99,0.6105,50.36,88.31,37.95,2496,2.631e+004,194.2722,8.55,0.9072,2.519,2.05,0,32.4,0,14.27,3.694,2.4330,818.4000,1678.0617
"Case 64",0,630,379,1300,0.0000,709.8953,305.6372,646.6799,0.0478,80.68,80.68,0.6203,50.21,88.12,37.9,2491,2.625e+004,196.1086,8.631,0.911,2.522,2.05,0,32.27,0,14.21,3.728,2.3550,816.6314,1674.0938
"Case 65",0,640,379.8,1300,0.0000,707.6434,307.8900,647.2569,0.0469,80.44,80.44,0.6302,50.11,87.94,37.83,2486,2.62e+004,197.8901,8.709,0.9147,2.526,2.051,0,32.18,0,14.17,3.762,2.2846,814.9103,1671.0106
"Case 66",0,650,380.7,1300,0.0000,705.4024,310.1320,647.8215,0.0460,80.15,80.15,0.64,49.98,87.75,37.77,2480,2.614e+004,199.7045,8.789,0.9184,2.529,2.05,0,32.06,0,14.12,3.797,2.2131,813.1571,1667.3086
"Case 67",0,660,381.5,1300,0.0000,703.1722,312.3630,648.3738,0.0451,79.85,79.85,0.6499,49.84,87.55,37.71,2475,2.608e+004,201.5311,8.869,0.9221,2.531,2.05,0,31.94,0,14.07,3.832,2.1427,811.3904,1663.3497
"Case 68",0,670,382.4,1300,0.0000,700.9528,314.5834,648.9139,0.0442,79.61,79.61,0.6597,49.74,87.37,37.64,2470,2.603e+004,203.3019,8.947,0.9258,2.535,2.051,0,31.84,0,14.03,3.865,2.0792,809.6728,1660.2668
"Case 69",0,680,383.2,1300,0.0000,698.7439,316.7931,649.4420,0.0433,79.33,79.33,0.6696,49.61,87.18,37.57,2464,2.597e+004,205.1064,9.027,0.9294,2.538,2.05,0,31.73,0,13.98,3.9,2.0146,807.9222,1656.5721
"Case 70",0,690,384,1300,0.0000,696.5456,318.9923,649.9583,0.0425,79.02,79.02,0.6794,49.47,86.99,37.52,2459,2.591e+004,206.9235,9.107,0.9331,2.541,2.05,0,31.61,0,13.92,3.934,1.9510,806.1579,1652.6229
"Case 71",0,700,384.9,1300,0.0000,694.3576,321.1811,650.4628,0.0417,78.79,78.79,0.6893,49.36,86.81,37.44,2454,2.586e+004,208.6840,9.184,0.9368,2.545,2.051,0,31.52,0,13.88,3.968,1.8936,804.4441,1649.5412
"Case 72",0,710,385.7,1300,0.0000,692.1799,323.3596,650.9556,0.0409,78.51,78.51,0.6991,49.24,86.62,37.38,2449,2.58e+004,210.4788,9.263,0.9404,2.548,2.05,0,31.4,0,13.83,4.002,1.8353,802.6966,1645.8547
"Case 73",0,720,386.6,1300,0.0000,690.0124,325.5279,651.4369,0.0401,78.21,78.21,0.709,49.1,86.42,37.33,2443,2.575e+004,212.2868,9.343,0.9441,2.55,2.05,0,31.28,0,13.78,4.036,1.7778,800.9349,1641.9158
"Case 74",0,730,387.4,1300,0.0000,687.8550,327.6861,651.9068,0.0393,77.97,77.97,0.7188,49,86.24,37.25,2438,2.569e+004,214.0372,9.42,0.9477,2.554,2.051,0,31.19,0,13.74,4.069,1.7259,799.2253,1638.8364
"Case 75",0,740,388.3,1300,0.0000,685.7075,329.8343,652.3654,0.0386,77.7,77.7,0.7286,48.87,86.05,37.18,2433,2.563e+004,215.8227,9.498,0.9514,2.557,2.05,0,31.08,0,13.69,4.103,1.6732,797.4812,1635.1586
"Case 76",0,750,389.1,1300,0.0000,683.5699,331.9726,652.8128,0.0379,77.4,77.4,0.7385,48.73,85.86,37.13,2427,2.558e+004,217.6217,9.577,0.955,2.56,2.05,0,30.96,0,13.64,4.137,1.6212,795.7226,1631.2306
"Case 77",0,760,390,1300,0.0000,681.4421,334.1011,653.2491,0.0372,77.17,77.17,0.7483,48.63,85.68,37.05,2422,2.552e+004,219.3624,9.654,0.9586,2.564,2.051,0,30.87,0,13.6,4.171,1.5743,794.0175,1628.1540
"Case 78",0,770,390.8,1300,0.0000,679.3240,336.2199,653.6744,0.0365,76.89,76.89,0.7582,48.51,85.49,36.98,2417,2.547e+004,221.1389,9.732,0.9622,2.566,2.05,0,30.76,0,13.55,4.204,1.5266,792.2770,1624.4855
"Case 79",0,780,391.7,1300,0.0000,677.2155,338.3291,654.0889,0.0358,76.6,76.6,0.768,48.37,85.3,36.93,2411,2.541e+004,222.9293,9.811,0.9659,2.569,2.05,0,30.64,0,13.5,4.238,1.4795,790.5218,1620.5687
"Case 80",0,790,392.5,1300,0.0000,675.1165,340.4288,654.4927,0.0351,76.37,76.37,0.7779,48.28,85.12,36.84,2406,2.536e+004,224.6605,9.887,0.9695,2.573,2.051,0,30.55,0,13.46,4.271,1.4371,788.8213,1617.4956
"Case 81",0,800,393.4,1300,0.0000,673.0268,342.5191,654.8858,0.0345,76.1,76.1,0.7877,48.15,84.93,36.78,2401,2.53e+004,226.4282,9.965,0.973,2.575,2.05,0,30.44,0,13.41,4.305,1.3939,787.0846,1613.8367
"Case 82",0,810,394.2,1300,0.0000,670.9465,344.6000,655.2683,0.0338,75.81,75.81,0.7976,48.02,84.74,36.72,2395,2.524e+004,228.2103,10.04,0.9766,2.578,2.05,0,30.32,0,13.36,4.339,1.3512,785.3329,1609.9316
"Case 83",0,820,395.1,1300,0.0000,668.8755,346.6717,655.6404,0.0332,75.58,75.58,0.8074,47.92,84.56,36.64,2390,2.519e+004,229.9323,10.12,0.9802,2.582,2.051,0,30.23,0,13.32,4.372,1.3128,783.6373,1606.8625
"Case 84",0,830,395.9,1300,0.0000,666.8135,348.7343,656.0021,0.0326,75.31,75.31,0.8173,47.8,84.37,36.58,2385,2.513e+004,231.6916,10.2,0.9838,2.584,2.05,0,30.12,0,13.27,4.405,1.2737,781.9047,1603.2135
"Case 85",0,840,396.8,1300,0.0000,664.7607,350.7877,656.3536,0.0320,75.02,75.02,0.8271,47.66,84.18,36.52,2379,2.508e+004,233.4656,10.27,0.9874,2.587,2.05,0,30.01,0,13.22,4.439,1.2350,780.1567,1599.3202
"Case 86",0,850,397.6,1300,0.0000,662.7168,352.8322,656.6950,0.0314,74.8,74.8,0.837,47.57,84,36.44,2375,2.502e+004,235.1787,10.35,0.9909,2.59,2.051,0,29.92,0,13.18,4.471,1.2002,778.4660,1596.2555
"Case 87",0,860,398.5,1300,0.0000,660.6822,354.8673,657.0271,0.0309,74.53,74.53,0.8468,47.45,83.82,36.37,2369,2.497e+004,236.9296,10.43,0.9945,2.593,2.05,0,29.81,0,13.13,4.505,1.1647,776.7378,1592.6175
"Case 88",0,870,399.3,1300,0.0000,658.6560,356.8941,657.3483,0.0303,74.24,74.24,0.8567,47.31,83.62,36.31,2364,2.491e+004,238.6959,10.5,0.998,2.595,2.05,0,29.7,0,13.08,4.538,1.1297,774.9936,1588.7358
"Case 89",0,880,400.2,1300,0.0000,656.6385,358.9122,657.6596,0.0298,74.02,74.02,0.8665,47.22,83.45,36.23,2359,2.486e+004,240.4003,10.58,1.002,2.599,2.051,0,29.61,0,13.04,4.571,1.0981,773.3079,1585.6758
"Case 90",0,890,401,1300,0.0000,654.6296,360.9216,657.9612,0.0292,73.75,73.75,0.8763,47.1,83.26,36.16,2354,2.48e+004,242.1436,10.66,1.005,2.602,2.05,0,29.5,0,12.99,4.604,1.0659,771.5837,1582.0472
"Case 91",0,900,401.9,1300,0.0000,652.6293,362.9225,658.2530,0.0287,73.47,73.47,0.8862,46.97,83.07,36.1,2348,2.475e+004,243.9023,10.73,1.009,2.604,2.05,0,29.39,0,12.94,4.637,1.0341,769.8434,1578.1779
"Case 92",0,910,402.7,1300,0.0000,650.6375,364.9148,658.5353,0.0282,73.25,73.25,0.896,46.87,82.89,36.02,2343,2.469e+004,245.5984,10.81,1.012,2.608,2.051,0,29.3,0,12.91,4.669,1.0054,768.1628,1575.1231
"Case 93",0,920,403.6,1300,0.0000,648.6541,366.8987,658.8081,0.0277,72.98,72.98,0.9059,46.75,82.7,35.95,2338,2.464e+004,247.3339,10.89,1.016,2.61,2.05,0,29.19,0,12.86,4.702,0.9762,766.4430,1571.5048
"Case 94",0,930,404.5,1300,0.0000,646.6790,368.8742,659.0714,0.0272,72.7,72.7,0.9157,46.62,82.51,35.89,2332,2.458e+004,249.0854,10.96,1.019,2.612,2.05,0,29.08,0,12.81,4.736,0.9472,764.7067,1567.6476
"Case 95",0,940,405.3,1300,0.0000,644.7124,370.8414,659.3255,0.0267,72.48,72.48,0.9256,46.53,82.34,35.81,2328,2.453e+004,250.7733,11.04,1.023,2.616,2.051,0,28.99,0,12.77,4.768,0.9212,763.0313,1564.5982
"Case 96",0,950,406.2,1300,0.0000,642.7539,372.8003,659.5704,0.0262,72.26,72.26,0.9354,46.44,82.16,35.72,2323,2.447e+004,252.4588,11.11,1.026,2.619,2.051,0,28.9,0,12.73,4.8,0.8960,761.3575,1561.5433
"Case 97",0,960,407,1300,0.0000,640.8035,374.7512,659.8061,0.0258,71.99,71.99,0.9453,46.31,81.97,35.66,2317,2.442e+004,254.1957,11.19,1.03,2.622,2.051,0,28.8,0,12.68,4.833,0.8699,759.6326,1557.7911
"Case 98",0,970,407.9,1300,0.0000,638.8612,376.6939,660.0327,0.0253,71.69,71.69,0.9551,46.17,81.78,35.61,2312,2.436e+004,255.9610,11.26,1.033,2.623,2.05,0,28.67,0,12.63,4.866,0.8437,757.8791,1553.6509
"Case 99",0,980,408.7,1300,0.0000,636.9269,378.6287,660.2502,0.0249,71.46,71.46,0.965,46.07,81.6,35.53,2307,2.431e+004,257.6462,11.34,1.037,2.627,2.05,0,28.58,0,12.59,4.898,0.8205,756.2030,1550.5100
"Case 100",0,990,409.6,1300,0.0000,635.0004,380.5556,660.4588,0.0245,71.24,71.24,0.9748,45.98,81.42,35.45,2302,2.425e+004,259.3292,11.41,1.04,2.63,2.051,0,28.49,0,12.55,4.93,0.7981,754.5282,1547.3639
"Case 101",0,1000,410.5,1300,0.0000,633.0818,382.4746,660.6585,0.0240,70.96,70.96,0.9847,45.85,81.23,35.38,2296,2.42e+004,261.0585,11.49,1.044,2.632,2.05,0,28.39,0,12.5,4.963,0.7750,752.8075,1543.6092
"Case 102",0,1010,411.3,1300,0.0000,631.1710,384.3858,660.8494,0.0236,70.68,70.68,0.9945,45.72,81.04,35.32,2291,2.414e+004,262.7981,11.57,1.047,2.634,2.05,0,28.27,0,12.45,4.996,0.7524,751.0757,1539.7039
"Case 103",0,1020,412.2,1300,0.0000,629.2679,386.2894,661.0316,0.0232,70.47,70.47,1.004,45.63,80.87,35.24,2286,2.409e+004,264.4652,11.64,1.05,2.638,2.05,0,28.19,0,12.42,5.028,0.7322,749.4143,1536.6722
"Case 104",0,1030,413,1300,0.0000,627.3724,388.1852,661.2051,0.0228,70.25,70.25,1.014,45.54,80.69,35.15,2281,2.404e+004,266.1301,11.71,1.054,2.641,2.051,0,28.1,0,12.38,5.06,0.7125,747.7544,1533.6357
"Case 105",0,1040,413.9,1300,0.0000,625.4846,390.0735,661.3701,0.0224,69.98,69.98,1.024,45.42,80.5,35.09,2276,2.398e+004,267.8489,11.79,1.057,2.643,2.051,0,27.99,0,12.33,5.092,0.6922,746.0409,1529.9157
"Case 106",0,1050,414.8,1300,0.0000,623.6042,391.9543,661.5265,0.0220,69.69,69.69,1.034,45.28,80.31,35.03,2270,2.392e+004,269.5983,11.86,1.061,2.645,2.05,0,27.87,0,12.28,5.126,0.6718,744.2964,1525.8063
"Case 107",0,1060,415.6,1300,0.0000,621.7313,393.8276,661.6746,0.0217,69.46,69.46,1.044,45.18,80.14,34.95,2265,2.387e+004,271.2644,11.94,1.064,2.648,2.05,0,27.79,0,12.24,5.157,0.6537,742.6333,1522.6780
"Case 108",0,1070,416.5,1300,0.0000,619.8657,395.6935,661.8142,0.0213,69.24,69.24,1.054,45.09,79.96,34.87,2261,2.382e+004,272.9286,12.01,1.068,2.651,2.051,0,27.7,0,12.2,5.189,0.6362,740.9715,1519.5453
"Case 109",0,1080,417.4,1300,0.0000,618.0075,397.5520,661.9456,0.0209,68.98,68.98,1.063,44.97,79.77,34.81,2255,2.376e+004,274.6406,12.09,1.071,2.653,2.05,0,27.59,0,12.15,5.222,0.6182,739.2618,1515.8217
"Case 110",0,1090,418.2,1300,0.0000,616.1566,399.4033,662.0687,0.0206,68.7,68.7,1.073,44.84,79.58,34.75,2249,2.371e+004,276.3631,12.16,1.075,2.655,2.05,0,27.48,0,12.1,5.254,0.6005,737.5412,1511.9581
"Case 111",0,1100,419.1,1300,0.0000,614.3129,401.2474,662.1837,0.0202,68.49,68.49,1.083,44.75,79.41,34.66,2245,2.366e+004,278.0110,12.24,1.078,2.658,2.05,0,27.4,0,12.07,5.286,0.5847,735.8937,1508.9444
"Case 112",0,1110,420,1300,0.0000,612.4763,403.0843,662.2906,0.0199,68.28,68.28,1.093,44.66,79.23,34.58,2240,2.36e+004,279.6568,12.31,1.081,2.661,2.051,0,27.31,0,12.03,5.317,0.5694,734.2476,1505.9265
"Case 113",0,1120,420.8,1300,0.0000,610.6468,404.9142,662.3893,0.0196,68.01,68.01,1.103,44.54,79.05,34.51,2235,2.355e+004,281.3589,12.38,1.085,2.663,2.051,0,27.21,0,11.98,5.349,0.5535,732.5452,1502.2376
"Case 114",0,1130,421.7,1300,0.0000,608.8262,406.7352,662.4226,0.0192,67.73,67.73,1.113,44.41,78.86,34.45,2229,2.349e+004,283.0745,12.46,1.088,2.665,2.05,0,27.09,0,11.93,5.382,0.5369,730.8296,1498.1994
"Case 115",0,1140,422.6,1300,0.0000,607.0096,408.5520,662.5347,0.0189,67.52,67.52,1.123,44.32,78.68,34.37,2224,2.344e+004,284.7191,12.53,1.091,2.668,2.051,0,27.01,0,11.9,5.413,0.5233,729.1828,1495.2204
"Case 116",0,1150,423.4,1300,0.0000,605.2000,410.3619,662.6399,0.0186,67.27,67.27,1.132,44.2,78.5,34.3,2219,2.338e+004,286.4121,12.6,1.095,2.67,2.05,0,26.91,0,11.85,5.445,0.5092,727.4874,1491.6754
"Case 117",0,1160,424.3,1300,0.0000,603.3973,412.1649,662.7381,0.0183,66.99,66.99,1.142,44.08,78.31,34.24,2214,2.333e+004,288.1321,12.68,1.098,2.672,2.05,0,26.8,0,11.8,5.478,0.4951,725.7647,1487.8161
"Case 118",0,1170,425.2,1300,0.0000,601.6034,413.9591,662.7693,0.0180,66.78,66.78,1.152,43.98,78.14,34.15,2209,2.328e+004,289.7662,12.75,1.102,2.675,2.05,0,26.71,0,11.77,5.509,0.4819,724.1273,1484.7079
"Case 119",0,1180,426.1,1300,0.0000,599.8172,415.7456,662.7603,0.0177,66.56,66.56,1.162,43.89,77.96,34.07,2204,2.322e+004,291.3928,12.82,1.105,2.678,2.051,0,26.62,0,11.73,5.54,0.4688,722.4973,1481.5595
"Case 120",0,1190,426.9,1300,0.0000,598.0348,417.5283,662.8342,0.0174,66.3,66.3,1.172,43.78,77.78,34,2199,2.317e+004,293.0847,12.9,1.108,2.68,2.05,0,26.52,0,11.68,5.572,0.4562,720.8009,1477.9496
"Case 121",0,1200,427.8,1300,0.0000,596.2592,419.3042,662.9012,0.0171,66.03,66.03,1.182,43.65,77.59,33.94,2193,2.311e+004,294.7959,12.97,1.112,2.681,2.05,0,26.41,0,11.63,5.605,0.4437,719.0849,1474.1225
"Case 122",0,1210,428.6,1300,0.0000,594.4903,421.0734,662.9617,0.0168,65.82,65.82,1.191,43.56,77.42,33.86,2189,2.306e+004,296.4305,13.05,1.115,2.684,2.05,0,26.33,0,11.6,5.636,0.4326,717.4445,1471.1073
"Case 123",0,1220,429.5,1300,0.0000,592.7296,422.8344,662.9544,0.0165,65.61,65.61,1.201,43.47,77.24,33.77,2184,2.301e+004,298.0527,13.12,1.118,2.687,2.051,0,26.24,0,11.56,5.667,0.4212,715.8166,1468.0210
"Case 124",0,1230,430.4,1300,0.0000,590.9764,424.5879,662.9064,0.0162,65.35,65.35,1.211,43.35,77.06,33.71,2178,2.296e+004,299.7211,13.19,1.122,2.689,2.05,0,26.14,0,11.51,5.698,0.4093,714.1426,1464.3239
"Case 125",0,1240,431.3,1300,0.0000,589.2270,426.3375,662.9431,0.0160,65.08,65.08,1.221,43.23,76.87,33.65,2173,2.29e+004,301.4285,13.27,1.125,2.69,2.05,0,26.03,0,11.47,5.731,0.3981,712.4284,1460.4767
"Case 126",0,1250,432.1,1300,0.0000,587.4841,428.0807,662.9733,0.0157,64.87,64.87,1.231,43.14,76.7,33.56,2168,2.285e+004,303.0559,13.34,1.128,2.693,2.05,0,25.95,0,11.43,5.762,0.3882,710.7935,1457.4571
"Case 127",0,1260,433,1300,0.0000,585.7475,429.8176,662.9971,0.0155,64.66,64.66,1.241,43.05,76.53,33.48,2164,2.28e+004,304.6820,13.41,1.132,2.696,2.051,0,25.86,0,11.39,5.793,0.3786,709.1594,1454.4356
"Case 128",0,1270,433.9,1300,0.0000,584.0189,431.5464,662.9558,0.0152,64.4,64.4,1.251,42.93,76.34,33.41,2158,2.274e+004,306.3552,13.48,1.135,2.698,2.051,0,25.76,0,11.35,5.824,0.3681,707.4785,1450.7343
"Case 129",0,1280,434.8,1300,0.0000,582.2972,433.2684,662.8749,0.0150,64.13,64.13,1.26,42.81,76.16,33.35,2153,2.269e+004,308.0337,13.56,1.138,2.699,2.05,0,25.65,0,11.3,5.856,0.3575,705.7920,1446.8721
"Case 130",0,1290,435.6,1300,0.0000,580.5795,434.9863,662.8752,0.0147,63.93,63.93,1.27,42.73,75.99,33.26,2148,2.264e+004,309.6399,13.63,1.142,2.702,2.051,0,25.57,0,11.26,5.887,0.3489,704.1767,1443.9930
"Case 131",0,1300,436.5,1300,0.0000,578.8679,436.6981,662.8694,0.0145,63.69,63.69,1.28,42.62,75.81,33.19,2143,2.258e+004,311.3020,13.7,1.145,2.704,2.051,0,25.48,0,11.22,5.919,0.3398,702.5051,1440.5283
"Case 132",0,1310,437.3,1300,0.0000,577.1626,438.4037,662.8574,0.0143,63.41,63.41,1.29,42.49,75.62,33.13,2137,2.253e+004,313.0075,13.78,1.148,2.706,2.05,0,25.37,0,11.17,5.951,0.3306,700.7899,1436.6176
"Case 133",0,1320,438.2,1300,0.0000,575.4646,440.1019,662.7804,0.0140,63.2,63.2,1.3,42.4,75.44,33.05,2133,2.247e+004,314.6173,13.85,1.152,2.708,2.05,0,25.28,0,11.14,5.982,0.3221,699.1701,1433.4875
"Case 134",0,1330,439.1,1300,0.0000,573.7733,441.7934,662.6655,0.0138,62.99,62.99,1.31,42.31,75.27,32.97,2128,2.242e+004,316.2203,13.92,1.155,2.711,2.05,0,25.2,0,11.1,6.012,0.3136,697.5571,1430.3193
"Case 135",0,1340,440,1300,0.0000,572.0861,443.4809,662.6324,0.0136,62.78,62.78,1.319,42.21,75.1,32.88,2123,2.237e+004,317.8370,13.99,1.158,2.713,2.051,0,25.11,0,11.06,6.043,0.3059,695.9294,1427.2486
"Case 136",0,1350,440.9,1300,0.0000,570.4048,445.1623,662.5933,0.0134,62.52,62.52,1.329,42.1,74.91,32.82,2118,2.232e+004,319.5139,14.06,1.162,2.715,2.051,0,25.01,0,11.01,6.075,0.2978,694.2411,1423.5733
"Case 137",0,1360,441.7,1300,0.0000,568.7295,446.8379,662.5482,0.0132,62.24,62.24,1.339,41.97,74.73,32.76,2112,2.226e+004,321.2117,14.14,1.165,2.716,2.05,0,24.9,0,10.97,6.107,0.2899,692.5316,1419.6877
"Case 138",0,1370,442.6,1300,0.0000,567.0613,448.5063,662.4350,0.0130,62.03,62.03,1.349,41.88,74.55,32.67,2108,2.221e+004,322.8108,14.21,1.168,2.719,2.05,0,24.81,0,10.93,6.137,0.2825,690.9208,1416.6082
"Case 139",0,1380,443.5,1300,0.0000,565.3993,450.1685,662.2870,0.0127,61.83,61.83,1.359,41.79,74.38,32.59,2103,2.216e+004,324.4005,14.28,1.171,2.721,2.051,0,24.73,0,10.89,6.168,0.2752,689.3191,1413.4910
"Case 140",0,1390,444.4,1300,0.0000,563.7414,451.8266,662.2261,0.0125,61.58,61.58,1.369,41.68,74.2,32.52,2098,2.21e+004,326.0599,14.35,1.175,2.723,2.05,0,24.63,0,10.85,6.199,0.2681,687.6469,1409.9499
"Case 141",0,1400,445.2,1300,0.0000,562.0893,453.4789,662.1593,0.0124,61.31,61.31,1.379,41.56,74.02,32.46,2092,2.205e+004,327.7402,14.42,1.178,2.724,2.05,0,24.53,0,10.8,6.231,0.2611,685.9535,1406.2030
"Case 142",0,1410,446.1,1300,0.0000,560.4429,455.1255,662.0868,0.0122,61.11,61.11,1.388,41.47,73.85,32.37,2088,2.2e+004,329.3385,14.49,1.181,2.727,2.05,0,24.44,0,10.77,6.261,0.2549,684.3419,1403.2231
"Case 143",0,1420,447,1300,0.0000,558.8034,456.7652,661.9282,0.0120,60.91,60.91,1.398,41.38,73.67,32.29,2083,2.195e+004,330.9218,14.56,1.185,2.729,2.051,0,24.36,0,10.73,6.292,0.2484,682.7452,1400.1501
"Case 144",0,1430,447.9,1300,0.0000,557.1698,458.3990,661.7460,0.0118,60.66,60.66,1.408,41.27,73.5,32.22,2078,2.189e+004,332.5576,14.64,1.188,2.731,2.05,0,24.26,0,10.69,6.323,0.2416,681.0957,1396.5266
"Case 145",0,1440,448.8,1300,0.0000,555.5399,460.0291,661.6778,0.0116,60.39,60.39,1.418,41.15,73.31,32.16,2072,2.184e+004,334.2428,14.71,1.191,2.732,2.05,0,24.16,0,10.64,6.355,0.2354,679.3959,1392.7599
"Case 146",0,1450,449.6,1300,0.0000,553.9165,461.6526,661.5422,0.0114,60.18,60.18,1.428,41.06,73.14,32.08,2067,2.179e+004,335.8336,14.78,1.194,2.734,2.05,0,24.07,0,10.6,6.385,0.2296,677.7907,1389.6915
"Case 147",0,1460,450.5,1300,0.0000,552.2979,463.2715,661.3458,0.0112,59.98,59.98,1.438,40.97,72.97,31.99,2063,2.174e+004,337.4139,14.85,1.197,2.737,2.051,0,23.99,0,10.57,6.415,0.2237,676.1959,1386.5568
"Case 148",0,1470,451.4,1300,0.0000,550.6882,464.8814,661.2311,0.0110,59.77,59.77,1.447,40.88,72.8,31.91,2058,2.168e+004,339.0079,14.92,1.201,2.739,2.051,0,23.91,0,10.53,6.445,0.2184,674.5867,1383.5251
"Case 149",0,1480,452.3,1300,0.0000,549.0789,466.4908,661.1159,0.0109,59.51,59.51,1.457,40.77,72.61,31.84,2053,2.163e+004,340.6689,14.99,1.204,2.74,2.051,0,23.81,0,10.49,6.477,0.2128,672.9101,1379.8784
"Case 150",0,1490,453.1,1300,0.0000,547.4769,468.0930,660.9935,0.0107,59.24,59.24,1.467,40.64,72.43,31.78,2047,2.157e+004,342.3585,15.07,1.207,2.741,2.05,0,23.7,0,10.44,6.509,0.2072,671.2042,1375.9669
"Case 151",0,1500,454,1300,0.0000,545.8811,469.6890,660.7846,0.0105,59.03,59.03,1.477,40.55,72.25,31.7,2042,2.152e+004,343.9351,15.14,1.21,2.743,2.05,0,23.61,0,10.4,6.539,0.2020,669.6119,1372.8524
"Case 152",0,1510,454.9,1300,0.0000,544.2907,471.2795,660.5540,0.0104,58.83,58.83,1.487,40.46,72.08,31.62,2038,2.147e+004,345.5078,15.21,1.214,2.745,2.05,0,23.53,0,10.36,6.569,0.1969,668.0232,1369.7178
"Case 153",0,1520,455.8,1300,0.0000,542.7044,472.8660,660.4388,0.0102,58.62,58.62,1.497,40.38,71.91,31.54,2033,2.142e+004,347.0991,15.28,1.217,2.748,2.051,0,23.45,0,10.33,6.599,0.1923,666.4154,1366.7196
"Case 154",0,1530,456.7,1300,0.0000,541.1239,474.4466,660.2526,0.0101,58.37,58.37,1.507,40.26,71.73,31.47,2028,2.137e+004,348.7430,15.35,1.22,2.749,2.05,0,23.35,0,10.28,6.63,0.1873,664.7544,1363.0781
"Case 155",0,1540,457.6,1300,0.0000,539.5491,476.0216,660.0070,0.0099,58.12,58.12,1.516,40.15,71.55,31.4,2022,2.131e+004,350.3800,15.42,1.223,2.75,2.05,0,23.25,0,10.24,6.661,0.1822,663.1001,1359.3536
"Case 156",0,1550,458.4,1300,0.0000,537.9787,477.5921,659.8540,0.0097,57.93,57.93,1.526,40.07,71.38,31.32,2018,2.126e+004,351.9377,15.49,1.227,2.753,2.051,0,23.17,0,10.21,6.691,0.1781,661.5253,1356.5620
"Case 157",0,1560,459.3,1300,0.0000,536.4135,479.1575,659.6958,0.0096,57.7,57.7,1.536,39.97,71.21,31.24,2013,2.121e+004,353.5614,15.56,1.23,2.754,2.051,0,23.08,0,10.17,6.722,0.1738,659.8837,1353.1867
"Case 158",0,1570,460.2,1300,0.0000,534.8538,480.7174,659.4653,0.0095,57.43,57.43,1.546,39.84,71.02,31.18,2008,2.116e+004,355.2220,15.63,1.233,2.755,2.05,0,22.97,0,10.12,6.754,0.1691,658.2047,1349.3179
"Case 159",0,1580,461.1,1300,0.0000,533.2993,482.2720,659.1969,0.0093,57.23,57.23,1.556,39.76,70.85,31.1,2003,2.111e+004,356.7783,15.7,1.236,2.757,2.05,0,22.89,0,10.08,6.783,0.1649,656.6306,1346.2555
"Case 160",0,1590,462,1300,0.0000,531.7493,483.8221,659.0234,0.0092,57.03,57.03,1.566,39.67,70.69,31.01,1998,2.106e+004,358.3493,15.77,1.239,2.759,2.051,0,22.81,0,10.05,6.813,0.1611,655.0413,1343.3062
"Case 161",0,1600,462.8,1300,0.0000,530.2044,485.3672,658.8449,0.0090,56.79,56.79,1.575,39.56,70.51,30.94,1993,2.1e+004,359.9863,15.84,1.243,2.76,2.051,0,22.71,0,10,6.844,0.1571,653.3853,1339.7888
"Case 162",0,1610,463.7,1300,0.0000,528.6647,486.9070,658.5875,0.0089,56.53,56.53,1.585,39.45,70.32,30.88,1988,2.095e+004,361.6298,15.92,1.246,2.761,2.05,0,22.61,0,9.96,6.875,0.1530,651.7224,1336.0291
"Case 163",0,1620,464.7,1300,0.0000,527.1300,488.4418,658.2960,0.0087,56.34,56.34,1.595,39.37,70.16,30.79,1983,2.09e+004,363.1700,15.98,1.249,2.763,2.05,0,22.53,0,9.926,6.905,0.1492,650.1634,1333.0575
"Case 164",0,1630,465.5,1300,0.0000,525.6000,489.9720,658.1095,0.0086,56.14,56.14,1.605,39.28,69.99,30.71,1979,2.085e+004,364.7261,16.05,1.252,2.766,2.051,0,22.46,0,9.892,6.934,0.1459,648.5881,1330.2102
"Case 165",0,1640,466.4,1300,0.0000,524.0749,491.4972,657.9179,0.0085,55.9,55.9,1.615,39.18,69.81,30.64,1974,2.08e+004,366.3572,16.12,1.255,2.767,2.051,0,22.36,0,9.85,6.965,0.1424,646.9370,1326.7323
"Case 166",0,1650,467.3,1300,0.0000,522.5547,493.0175,657.6247,0.0084,55.63,55.63,1.625,39.05,69.63,30.57,1968,2.074e+004,368.0179,16.2,1.258,2.767,2.05,0,22.25,0,9.802,6.997,0.1385,645.2556,1322.7722
"Case 167",0,1660,468.2,1300,0.0000,521.0393,494.5331,657.3072,0.0082,55.43,55.43,1.635,38.97,69.46,30.49,1963,2.069e+004,369.5640,16.26,1.262,2.769,2.05,0,22.17,0,9.767,7.026,0.1351,643.6896,1319.7004
"Case 168",0,1670,469,1300,0.0000,519.5287,496.0438,657.1285,0.0081,55.23,55.23,1.644,38.88,69.29,30.41,1959,2.064e+004,371.1311,16.33,1.265,2.772,2.051,0,22.09,0,9.732,7.056,0.1321,642.1023,1316.7919
"Case 169",0,1680,469.9,1300,0.0000,518.0229,497.5498,656.8431,0.0080,54.99,54.99,1.654,38.77,69.11,30.34,1954,2.059e+004,372.7467,16.4,1.268,2.773,2.05,0,22,0,9.689,7.087,0.1287,640.4657,1313.2392
"Case 170",0,1690,470.9,1300,0.0000,516.5216,499.0512,656.5083,0.0078,54.75,54.75,1.664,38.66,68.93,30.27,1948,2.053e+004,374.3588,16.48,1.271,2.773,2.05,0,21.9,0,9.646,7.117,0.1253,638.8323,1309.6045
"Case 171",0,1700,471.7,1300,0.0000,515.0254,500.5475,656.3200,0.0077,54.57,54.57,1.674,38.59,68.77,30.18,1944,2.049e+004,375.8978,16.54,1.274,2.776,2.051,0,21.83,0,9.614,7.147,0.1227,637.2727,1306.9063
"Case 172",0,1710,472.6,1300,0.0000,513.5335,502.0395,656.0151,0.0076,54.34,54.34,1.684,38.49,68.59,30.11,1939,2.043e+004,377.4898,16.61,1.277,2.777,2.051,0,21.74,0,9.574,7.177,0.1196,635.6591,1303.5120
"Case 173",0,1720,473.5,1300,0.0000,512.0460,503.5271,655.6620,0.0075,54.09,54.09,1.694,38.37,68.41,30.04,1934,2.038e+004,379.1197,16.68,1.28,2.777,2.05,0,21.63,0,9.529,7.208,0.1164,634.0070,1299.7126
"Case 174",0,1730,474.4,1300,0.0000,510.5640,505.0092,655.4699,0.0074,53.89,53.89,1.703,38.29,68.25,29.95,1929,2.033e+004,380.6694,16.75,1.284,2.78,2.051,0,21.56,0,9.496,7.237,0.1140,632.4357,1296.9242
"Case 175",0,1740,475.3,1300,0.0000,509.0859,506.4875,655.1435,0.0073,53.66,53.66,1.713,38.19,68.07,29.88,1924,2.028e+004,382.2650,16.82,1.287,2.781,2.05,0,21.47,0,9.455,7.268,0.1111,630.8179,1293.4686
"Case 176",0,1750,476.2,1300,0.0000,507.6120,507.9615,654.7691,0.0072,53.42,53.42,1.723,38.08,67.89,29.81,1919,2.022e+004,383.8695,16.89,1.29,2.781,2.05,0,21.37,0,9.412,7.298,0.1082,629.1906,1289.8390
"Case 177",0,1760,477,1300,0.0000,506.1434,509.4302,654.5144,0.0071,53.24,53.24,1.733,38,67.73,29.72,1915,2.018e+004,385.3948,16.96,1.293,2.784,2.051,0,21.3,0,9.381,7.327,0.1058,627.6433,1287.1025
"Case 178",0,1770,478,1300,0.0000,504.6785,510.8952,654.1458,0.0069,53.02,53.02,1.743,37.91,67.56,29.65,1910,2.012e+004,386.9708,17.03,1.296,2.785,2.051,0,21.21,0,9.341,7.357,0.1032,626.0445,1283.7170
"Case 179",0,1780,478.8,1300,0.0000,503.2189,512.3549,653.8731,0.0069,52.76,52.76,1.753,37.79,67.37,29.59,1904,2.007e+004,388.6258,17.1,1.299,2.785,2.05,0,21.1,0,9.295,7.389,0.1006,624.3656,1279.9474
"Case 180",0,1790,479.7,1300,0.0000,501.7638,513.8101,653.5958,0.0068,52.55,52.55,1.763,37.7,67.2,29.5,1900,2.002e+004,390.1809,17.17,1.303,2.787,2.05,0,21.02,0,9.259,7.418,0.0983,622.7874,1276.9377
"Case 181",0,1800,480.6,1300,0.0000,500.3124,515.2616,653.2338,0.0066,52.35,52.35,1.772,37.61,67.03,29.42,1895,1.997e+004,391.7236,17.24,1.306,2.789,2.051,0,20.94,0,9.224,7.448,0.0960,621.2216,1273.8348
"Case 182",0,1810,481.5,1300,0.0000,498.8650,516.7091,652.8438,0.0065,52.15,52.15,1.782,37.52,66.87,29.34,1890,1.992e+004,393.2650,17.31,1.309,2.79,2.051,0,20.86,0,9.188,7.477,0.0936,619.6567,1270.7070
"Case 183",0,1820,482.4,1300,0.0000,497.4233,518.1509,652.5690,0.0065,51.9,51.9,1.792,37.41,66.69,29.27,1885,1.987e+004,394.8896,17.38,1.312,2.791,2.05,0,20.76,0,9.145,7.508,0.0914,618.0076,1267.1871
"Case 184",0,1830,483.3,1300,0.0000,495.9851,519.5891,652.2179,0.0064,51.66,51.66,1.802,37.3,66.51,29.21,1880,1.981e+004,396.5095,17.45,1.315,2.791,2.05,0,20.66,0,9.101,7.539,0.0891,616.3629,1263.5421
"Case 185",0,1840,484.2,1300,0.0000,494.5507,521.0237,651.8149,0.0063,51.47,51.47,1.812,37.22,66.34,29.12,1875,1.976e+004,398.0197,17.52,1.318,2.793,2.05,0,20.59,0,9.069,7.567,0.0870,614.8289,1260.6050
"Case 186",0,1850,485.1,1300,0.0000,493.1219,522.4526,651.5147,0.0062,51.28,51.28,1.822,37.15,66.18,29.03,1871,1.971e+004,399.5438,17.58,1.321,2.795,2.051,0,20.51,0,9.036,7.596,0.0851,613.2808,1257.7895
"Case 187",0,1860,485.9,1300,0.0000,491.6974,523.8771,651.2101,0.0061,51.05,51.05,1.831,37.04,66,28.96,1866,1.966e+004,401.1495,17.65,1.324,2.796,2.051,0,20.42,0,8.994,7.627,0.0831,611.6499,1254.3643
"Case 188",0,1870,486.8,1300,0.0000,490.2758,525.2989,650.8037,0.0060,50.78,50.78,1.841,36.92,65.82,28.9,1860,1.961e+004,402.7915,17.73,1.327,2.795,2.05,0,20.31,0,8.948,7.658,0.0809,609.9818,1250.4608
"Case 189",0,1880,487.8,1300,0.0000,488.8580,526.7168,650.3770,0.0059,50.59,50.59,1.851,36.84,65.65,28.82,1856,1.956e+004,404.3103,17.79,1.33,2.797,2.05,0,20.24,0,8.913,7.687,0.0790,608.4382,1247.4195
"Case 190",0,1890,488.6,1300,0.0000,487.4468,528.1281,650.0908,0.0058,50.4,50.4,1.861,36.75,65.49,28.73,1851,1.951e+004,405.8479,17.86,1.334,2.799,2.051,0,20.16,0,8.879,7.716,0.0773,606.8756,1244.5432
"Case 191",0,1900,489.5,1300,0.0000,486.0379,529.5370,649.6923,0.0057,50.16,50.16,1.871,36.65,65.31,28.66,1846,1.946e+004,407.4399,17.93,1.337,2.799,2.05,0,20.06,0,8.838,7.746,0.0754,605.2575,1241.0373
"Case 192",0,1910,490.4,1300,0.0000,484.6324,530.9426,649.2487,0.0056,49.93,49.93,1.881,36.54,65.14,28.59,1841,1.94e+004,409.0289,18,1.34,2.8,2.05,0,19.97,0,8.796,7.777,0.0734,603.6421,1237.4644
"Case 193",0,1920,491.3,1300,0.0000,483.2340,532.3411,648.9612,0.0056,49.75,49.75,1.891,36.47,64.97,28.5,1837,1.936e+004,410.5362,18.07,1.343,2.802,2.051,0,19.9,0,8.765,7.805,0.0720,602.1095,1234.8072
"Case 194",0,1930,492.2,1300,0.0000,481.8373,533.7379,648.5424,0.0055,49.53,49.53,1.9,36.37,64.8,28.43,1832,1.93e+004,412.1031,18.14,1.346,2.803,2.051,0,19.81,0,8.726,7.835,0.0702,600.5161,1231.4518
"Case 195",0,1940,493.1,1300,0.0000,480.4438,535.1315,648.0790,0.0054,49.28,49.28,1.91,36.26,64.62,28.36,1827,1.925e+004,413.7141,18.21,1.349,2.803,2.05,0,19.71,0,8.682,7.866,0.0684,598.8777,1227.6973
"Case 196",0,1950,494,1300,0.0000,479.0568,536.5186,647.7314,0.0053,49.09,49.09,1.92,36.18,64.46,28.28,1822,1.92e+004,415.2270,18.27,1.352,2.804,2.051,0,19.64,0,8.649,7.894,0.0669,597.3387,1224.8792
"Case 197",0,1960,494.9,1300,0.0000,477.6715,537.9039,647.2740,0.0052,48.91,48.91,1.93,36.1,64.29,28.19,1818,1.915e+004,416.7251,18.34,1.355,2.806,2.051,0,19.56,0,8.617,7.923,0.0653,595.8142,1221.9388
"Case 198",0,1970,495.8,1300,0.0000,476.2925,539.2830,646.9140,0.0052,48.67,48.67,1.94,36,64.12,28.12,1813,1.91e+004,418.3196,18.41,1.358,2.807,2.051,0,19.47,0,8.576,7.953,0.0638,594.1921,1218.5264
"Case 199",0,1980,496.6,1300,0.0000,474.9175,540.6581,646.5499,0.0051,48.4,48.4,1.95,35.87,63.93,28.06,1807,1.905e+004,419.9855,18.48,1.361,2.806,2.05,0,19.36,0,8.528,7.985,0.0622,592.4974,1214.6176
"Case 200",0,1990,497.6,1300,0.0000,473.5444,542.0313,646.0932,0.0050,48.2,48.2,1.959,35.78,63.76,27.98,1802,1.9e+004,421.5167,18.55,1.364,2.807,2.05,0,19.28,0,8.492,8.014,0.0607,590.9388,1211.4593
"Case 201",0,2000,498.5,1300,0.0000,472.1747,543.4010,645.6150,0.0049,47.99,47.99,1.969,35.7,63.6,27.9,1798,1.895e+004,423.0450,18.62,1.367,2.808,2.05,0,19.2,0,8.456,8.043,0.0593,589.3827,1208.2801
"Case 202",0,2010,499.3,1300,0.0000,470.8122,544.7636,645.2645,0.0049,47.79,47.79,1.979,35.61,63.43,27.82,1793,1.889e+004,424.5891,18.69,1.371,2.809,2.05,0,19.12,0,8.42,8.072,0.0580,587.8109,1205.2510
"Case 203",0,2020,500.2,1300,0.0000,469.4513,546.1246,644.8165,0.0048,47.58,47.58,1.989,35.52,63.26,27.74,1788,1.884e+004,426.1208,18.75,1.374,2.81,2.051,0,19.03,0,8.384,8.101,0.0566,586.2511,1202.1141
"Case 204",0,2030,501.2,1300,0.0000,468.0930,547.4829,644.3241,0.0047,47.38,47.38,1.999,35.43,63.09,27.66,1784,1.879e+004,427.6469,18.82,1.376,2.811,2.051,0,18.95,0,8.348,8.131,0.0553,584.6967,1198.9303
"Case 205",0,2040,502,1300,0.0000,466.7425,548.8335,643.9667,0.0047,47.18,47.18,2.009,35.34,62.93,27.58,1779,1.874e+004,429.1892,18.89,1.38,2.812,2.051,0,18.87,0,8.312,8.16,0.0541,583.1260,1195.9047
"Case 206",0,2050,502.9,1300,0.0000,465.3929,550.1832,643.5021,0.0046,46.97,46.97,2.019,35.25,62.76,27.5,1774,1.869e+004,430.7183,18.96,1.383,2.813,2.051,0,18.79,0,8.276,8.189,0.0528,581.5683,1192.7601
"Case 207",0,2060,503.9,1300,0.0000,464.0459,551.5303,642.9946,0.0045,46.77,46.77,2.028,35.16,62.59,27.43,1770,1.864e+004,432.2419,19.02,1.386,2.814,2.051,0,18.71,0,8.24,8.218,0.0515,580.0156,1189.5702
"Case 208",0,2070,504.7,1300,0.0000,462.7072,552.8690,642.6365,0.0045,46.52,46.52,2.038,35.05,62.41,27.36,1764,1.859e+004,433.8708,19.09,1.389,2.814,2.051,0,18.61,0,8.196,8.249,0.0503,578.3566,1185.9747
"Case 209",0,2080,505.6,1300,0.0000,461.3687,554.2076,642.1528,0.0044,46.27,46.27,2.048,34.94,62.23,27.29,1759,1.854e+004,435.4813,19.17,1.392,2.813,2.05,0,18.51,0,8.152,8.279,0.0491,576.7154,1182.2647
"Case 210",0,2090,506.5,1300,0.0000,460.0326,555.5437,641.6270,0.0043,46.09,46.09,2.058,34.86,62.07,27.21,1755,1.849e+004,436.9597,19.23,1.395,2.815,2.05,0,18.43,0,8.12,8.308,0.0479,575.2080,1179.3503
"Case 211",0,2100,507.4,1300,0.0000,458.7060,556.8704,641.2779,0.0043,45.87,45.87,2.068,34.76,61.9,27.13,1750,1.844e+004,438.5328,19.3,1.398,2.815,2.05,0,18.35,0,8.081,8.337,0.0469,573.6048,1176.1526
"Case 212",0,2110,508.3,1300,0.0000,457.3783,558.1982,640.7731,0.0042,45.63,45.63,2.078,34.66,61.72,27.06,1745,1.839e+004,440.1202,19.37,1.401,2.815,2.05,0,18.25,0,8.039,8.368,0.0457,571.9865,1172.5704
"Case 213",0,2120,509.2,1300,0.0000,456.0527,559.5238,640.2221,0.0041,45.45,45.45,2.087,34.58,61.56,26.98,1740,1.834e+004,441.5931,19.43,1.404,2.816,2.05,0,18.18,0,8.007,8.396,0.0447,570.4840,1169.6495
"Case 214",0,2130,510.1,1300,0.0000,454.7353,560.8413,639.8002,0.0041,45.27,45.27,2.097,34.51,61.4,26.89,1736,1.829e+004,443.0802,19.5,1.407,2.818,2.051,0,18.11,0,7.976,8.424,0.0437,568.9673,1166.8795
